{
  "cv_mean": 0.0,
  "cv_std": 0.0,
  "test_accuracy": 0.8547756507647118,
  "test_f1": 0.8506244655147219,
  "top3_accuracy": 0.9550693811404841,
  "top5_accuracy": 0.9752051048313582,
  "training_time": 1074.1969940662384,
  "params": {
    "max_iter": 100,
    "random_state": 42,
    "n_jobs": -1,
    "verbose": 1,
    "solver": "saga",
    "C": 0.1,
    "tol": 0.01
  }
}